variant,n_wells,n_rows,row_rmse,well_rmse_mean,well_rmse_median,well_rmse_p75,well_rmse_max
grid_s3_b0_h0p2,36,179506,7.133877935974766,6.097777925063591,5.27907529071623,8.007527626785102,17.620435573573648
grid_s3_b0_h0p15,36,179506,7.1428719016147,6.003493619853749,4.968079958274127,8.080519098711239,18.274411068183944
grid_s3_b0p05_h0p15,36,179506,7.1580400163750255,6.0977248129870905,5.15789483147133,8.06477098212023,17.82943003976653
grid_s3_b0p05_h0p1,36,179506,7.180266295283073,6.019534586942746,4.978993714963771,8.145668286356862,18.458853489841445
grid_s3_b0p1_h0p1,36,179506,7.192826086010854,6.1173426837078635,5.135098716514396,8.138103187622708,17.987138748026496
grid_s3_b0_h0p25,36,179506,7.199713207649395,6.246931534087318,5.391021128459661,8.054325874618492,16.971353923816366
grid_s3_b0p05_h0p2,36,179506,7.2035766854362535,6.227147566646342,5.411376172814062,8.027824699236149,17.204372577415505
grid_s3_b0p1_h0p05,36,179506,7.221043649348992,6.051061916060059,4.981473296249897,8.179204077899183,18.591577779434918
grid_s3_b0p1_h0p15,36,179506,7.225546037138658,6.2313113908668525,5.455467457993999,7.997360303360929,17.386617791984825
grid_s3_b0_h0p1,36,179506,7.226415713537879,5.97266099816753,5.112699939248455,8.272455176098422,18.932773285148826
grid_s5_b0_h0p2,36,179506,7.240356975270414,6.166107033114496,5.343963181335572,7.779245059731267,17.62541702903271
grid_s5_b0_h0p15,36,179506,7.241175048551502,6.0576952841033505,4.955451466161593,8.052374922890694,18.27964272775042
public_selector,36,179506,7.255148034267976,6.252282259218504,5.447919585401474,8.012438564849479,17.290235197173843
grid_s5_b0p05_h0p15,36,179506,7.263197285067808,6.163922882100474,5.210647855128661,7.835652414588283,17.834436902959208
grid_s3_b0p05_h0p05,36,179506,7.269634010623904,6.000607529231155,5.0416672877803625,8.338884638091429,19.09221112475248
grid_s5_b0p05_h0p1,36,179506,7.277310608572275,6.072151107812768,4.997732070346617,8.09352452808573,18.46409659341088
grid_s3_b0p2_h0,36,179506,7.2934156726205,6.217105404237461,5.442396478170595,8.027945036716247,18.14802141432612
grid_s5_b0p1_h0p1,36,179506,7.29725194955784,6.1827012768968395,5.186559104736457,7.900794573926156,17.992144301724025
grid_s3_b0p1_h0,36,179506,7.309493031765128,6.039278993153718,5.009776388199318,8.399016302945547,19.19956484425002
grid_s5_b0_h0p25,36,179506,7.311498881671832,6.3279927503107976,5.72270430662102,7.9029428356741676,17.52002314332025
grid_s5_b0_h0p1,36,179506,7.313928955078835,6.012299184921229,5.035606212236187,8.226392193825347,18.93825116076076
grid_s5_b0p05_h0p2,36,179506,7.314298839070528,6.305826465594759,5.786774434614289,7.869257141140199,17.4361564263643
grid_s3_b0p05_h0p25,36,179506,7.315611022463113,6.401329542793544,5.365878947789058,8.117102383406264,16.720965043038316
grid_s5_b0p1_h0p05,36,179506,7.317703402948194,6.103482673870374,5.039809950272873,8.064301320547242,18.596806043992288
grid_s3_b0p1_h0p2,36,179506,7.318386207316162,6.386986529494711,5.356795961342616,7.982982896272292,16.790435314193434
grid_s3_b0p2_h0p05,36,179506,7.318540011611101,6.309561670071812,5.474640707635974,7.90590934214445,17.59778024991751
grid_s5_b0p1_h0p15,36,179506,7.33548107849661,6.30867964507966,5.853483726849166,7.8376272871951045,17.39139717503808
grid_s5_b0p05_h0p05,36,179506,7.35626346610139,6.039306365284109,4.98358277156615,8.275411386059597,19.097686922380728
grid_s3_b0_h0p05,36,179506,7.381978704342177,6.0193592242955205,5.0663853552977125,8.44167934131113,19.595080069654998
grid_s3_b0p2_h0p1,36,179506,7.391477676809372,6.437865255402536,5.470079752364414,7.900352152311382,17.051055614528245
grid_s5_b0p1_h0,36,179506,7.396348686180323,6.078402135233662,4.922635909556842,8.291689530912734,19.205012655327234
grid_s5_b0p2_h0,36,179506,7.398177005597123,6.284744178140405,5.4686046563603234,7.8396360515907695,18.15294467095684
grid_s3_b0p05_h0,36,179506,7.423718785605305,6.052685895112537,5.098578063926025,8.468594167263984,19.729124054578133
grid_s5_b0p2_h0p05,36,179506,7.427958977617569,6.387794034741102,5.913969967322618,7.762359134927044,17.60250406198219
grid_s5_b0p05_h0p25,36,179506,7.4292696686738156,6.490575494177096,5.741054702478888,8.175424163216578,17.658819817835603
grid_s5_b0p1_h0p2,36,179506,7.431485249025555,6.474742463164367,5.804761854746425,7.913714998282817,17.58366817431314
grid_s5_b0_h0p05,36,179506,7.456513337872896,6.044307176050127,4.9009342364370685,8.400905162359685,19.60080053898248
grid_s3_b0p1_h0p25,36,179506,7.469105069382559,6.578542115108056,5.7158005297174945,8.482830968348242,16.905113611515013
grid_s8_b0_h0p15,36,179506,7.484671458640587,6.243614888661473,5.211917063722165,8.040686203520503,18.27990376080321
grid_s8_b0_h0p2,36,179506,7.485817208637592,6.359003085143214,5.565961041215816,7.927543244676148,18.272363237019185
grid_s5_b0p05_h0,36,179506,7.498007886698511,6.077298611804358,4.90534539699086,8.429060560771246,19.734829311877988
grid_s5_b0p2_h0p1,36,179506,7.503731659825831,6.525419335490892,5.942340065376383,7.8675063836664325,17.489984110430576
grid_s8_b0p05_h0p15,36,179506,7.508426557694632,6.355711036238485,5.444251621281518,7.841193530821595,18.204677919633554
grid_s3_b0p2_h0p15,36,179506,7.510835852905171,6.596843059028727,5.806765421159055,8.503762974094276,16.790307705583913
grid_s8_b0p05_h0p1,36,179506,7.520093527500098,6.256594395352527,5.2464315658351275,8.105553324349774,18.464282605544103
grid_s8_b0p1_h0p1,36,179506,7.542069019662569,6.373739110852225,5.380854482540677,7.937081048333182,18.149837311332067
grid_s8_b0_h0p1,36,179506,7.551175923721735,6.18835014157602,5.152944854964659,8.254533811853268,18.938247981348173
grid_s8_b0_h0p25,36,179506,7.55458239368889,6.524630476706266,6.200613564906485,8.389199935305722,18.448041876627553
grid_s8_b0p05_h0p2,36,179506,7.558060855999977,6.502038152987684,6.269956614698241,8.288422875817867,18.37340768566811
grid_s3_b0p3_h0,36,179506,7.558694792023896,6.598166538290724,6.183889911710723,8.434529746710814,17.10812815698427
grid_s8_b0p1_h0p05,36,179506,7.56002804743587,6.287093903460391,5.284435354290192,8.139113184897148,18.596938184875384
grid_s8_b0p1_h0p15,36,179506,7.579295561446299,6.504485809351192,6.285648463427214,8.256259689034845,18.311800745361246
grid_s5_b0p1_h0p25,36,179506,7.583070425351181,6.674568735860269,5.90014855769212,8.69277796502476,17.79896659009375
grid_s8_b0p05_h0p05,36,179506,7.5927791863827325,6.213789644991977,5.05722941799906,8.320888594905448,19.097619029932265
grid_s3_b0_h0,36,179506,7.605142706245408,6.1577731848327435,5.203534474956598,8.59804521013283,20.260944595376905
grid_s5_b0p2_h0p15,36,179506,7.624123933584649,6.692109771562181,6.032127254338216,8.796293764300415,17.685547893720784
grid_s8_b0p1_h0,36,179506,7.632783119527695,6.252189636638575,4.9936765516212756,8.381076961728896,19.204902403407324
grid_s8_b0p2_h0,36,179506,7.641674260116251,6.475784713229344,5.60407024956959,8.173238403477157,18.15324094068352
grid_s3_b0p3_h0p05,36,179506,7.664612132300626,6.732916702517338,6.345270429664582,8.499939527309543,16.77503180401414
grid_s5_b0_h0,36,179506,7.665032242435207,6.166821999048059,4.911765656080092,8.597923237349448,20.266904363441608
grid_s8_b0p05_h0p25,36,179506,7.667806091344962,6.6880329612895455,6.200180260974616,8.78859717219844,18.543992151080033
grid_s8_b0p2_h0p05,36,179506,7.670313879564519,6.583428172408664,6.273362068853466,8.308412611388436,18.22744646857858
grid_s5_b0p3_h0,36,179506,7.67032376326622,6.68922803932932,6.174316448838973,8.423436426678867,17.471432108894785
grid_s8_b0p1_h0p2,36,179506,7.67090427584846,6.672405439628819,6.268059362292935,8.673962111227542,18.475477829983863
grid_s3_b0p2_h0p2,36,179506,7.674448956706382,6.781914940203482,6.167979196248204,8.768525590282797,17.03328576740478
grid_s8_b0_h0p05,36,179506,7.683574184112145,6.207367123616941,4.8675091717824905,8.437263897206178,19.600521971443943
grid_s8_b0p05_h0,36,179506,7.724761271699369,6.238994401768837,4.87093141124189,8.46414644810217,19.734497619519853
grid_s8_b0p2_h0p1,36,179506,7.742296221297906,6.723191589802896,6.366083454338087,8.593147647228337,18.37777994486538
grid_s12_b0_h0p2,36,179506,7.756688751778762,6.557662109264179,5.841341253456633,8.030680013001396,18.962744943175768
grid_s12_b0_h0p15,36,179506,7.762065432206678,6.446755821127985,5.407433429055365,7.981481065768883,18.828101010772645
grid_s5_b0p3_h0p05,36,179506,7.776693744569521,6.830320056092604,6.343306672309739,8.999895443309311,17.64813615385946
grid_s12_b0p05_h0p15,36,179506,7.779744374015066,6.555407173274923,5.717576551672792,7.940058969830066,18.89973724110572
grid_s5_b0p2_h0p2,36,179506,7.787066544541813,6.8830624752039515,6.219960435349041,8.923731782039404,17.883305368685402
grid_s12_b0p05_h0p1,36,179506,7.797017135534527,6.460375982212572,5.439071125924759,8.04149307215354,18.769692835775036
grid_s3_b0p3_h0p1,36,179506,7.80465691074161,6.8893511213217185,6.370911095418448,8.630108345934952,16.992753171558455
grid_s12_b0p1_h0p1,36,179506,7.812769942582152,6.573940550485961,5.646269959030123,7.8707378861958315,18.845478513199712
grid_s8_b0p1_h0p25,36,179506,7.814982962346671,6.8711654409860055,6.226792421868389,8.976561953528746,18.640823424757652
grid_s12_b0_h0p25,36,179506,7.815456495223663,6.717419477261598,6.413332629302907,8.379079536669405,19.098832606497666
grid_s12_b0p05_h0p2,36,179506,7.820602456782368,6.696447902382668,6.406962933159487,8.261638432911171,19.031117064146123
grid_s12_b0_h0p1,36,179506,7.831454422672074,6.394653143765819,5.259343943873684,8.209985543725217,18.81247910581837
grid_s12_b0p1_h0p05,36,179506,7.835772707663038,6.491104751604649,5.475181918928094,8.055841092573646,18.71991328254221
grid_s12_b0p1_h0p15,36,179506,7.842103240106705,6.6998249242193415,6.408429097690539,8.217365135776962,18.972273781920332
grid_s8_b0p2_h0p15,36,179506,7.8564300289366304,6.8895561601685795,6.250769098781509,9.003273770515454,18.52951846419272
grid_s12_b0p05_h0p05,36,179506,7.872038099973483,6.420472801365878,5.159924619015258,8.276054287717738,18.971327425056923
grid_s8_b0_h0,36,179506,7.878544921434902,6.312755397754524,4.904230188860712,8.593382148276936,20.266340477605052
grid_s3_b0p2_h0p25,36,179506,7.879560710229443,6.989404800942576,6.484794993112795,9.120675938211885,17.27961388675893
grid_s8_b0p3_h0,36,179506,7.904359058329659,6.887040912322507,6.346680951307773,8.812088114739872,18.332474516723245
grid_s12_b0p2_h0,36,179506,7.908069999576491,6.675503196362753,5.773891402731495,8.072711307094975,18.763207879435935
grid_s12_b0p1_h0,36,179506,7.910654996889672,6.458949004908989,5.094748243414784,8.336293671914772,19.07886493346459
grid_s5_b0p3_h0p1,36,179506,7.9159247837496185,6.991701574480016,6.4335561309854565,8.958998094039554,17.82664094524306
grid_s12_b0p05_h0p25,36,179506,7.91869162159109,6.875756315114868,6.419994823292496,8.788100849937035,19.16380483955279
grid_s12_b0p1_h0p2,36,179506,7.923191344684519,6.861640803350986,6.470972577645043,8.672064972229215,19.100274592266114
grid_s12_b0p2_h0p05,36,179506,7.929751658040196,6.778764929770414,6.385928059032408,8.269865808047054,18.88113595947734
grid_s12_b0_h0p05,36,179506,7.963182541771286,6.414825128109088,4.924228960532922,8.409181093027216,19.466903702653987
grid_s3_b0p3_h0p15,36,179506,7.977031905809585,7.064254633938701,6.720780206882269,9.075177363845345,17.213214502885254
grid_s5_b0p2_h0p25,36,179506,7.989956674855481,7.094476619352394,6.615545570943883,9.216164185442516,18.08318456491376
grid_s12_b0p2_h0p1,36,179506,7.992713586943819,6.913147834981071,6.452484672635581,8.579398734324617,19.000075183391406
grid_s12_b0p05_h0,36,179506,8.003183456091884,6.446713030907322,4.925915335558894,8.435882739055225,19.60075165187746
grid_s8_b0p3_h0p05,36,179506,8.004772641482383,7.027495633228915,6.3380886345386696,9.389006977293475,18.471102900603043
grid_s8_b0p2_h0p2,36,179506,8.010913872636243,7.07785775673819,6.426027270505033,9.681404882226904,18.682627791717085
grid_s12_b0p1_h0p25,36,179506,8.054471288898721,7.052992660414289,6.347215202355784,8.923844527813689,19.229456870199936
grid_s5_b0p3_h0p15,36,179506,8.086319644238324,7.170043336861102,6.698131696937271,9.100906879827662,18.00689292998745
grid_s12_b0p2_h0p15,36,179506,8.095992742856186,7.073074141734502,6.325747186451817,9.013848452572532,19.120006681213244
grid_s8_b0p3_h0p1,36,179506,8.136417815839167,7.186361781625028,6.504736737824025,9.616206080556337,18.610863458102965
grid_s12_b0p3_h0,36,179506,8.146703575469042,7.0747074668315735,6.492532342142592,8.81191501784021,18.93582419088714
grid_s12_b0_h0,36,179506,8.15422916230589,6.518260715141255,4.927366369855336,8.563712118326428,20.124866049224853
grid_s3_b0p3_h0p2,36,179506,8.17969343767579,7.25528626078857,6.8990573777597035,9.703464349133974,17.436311867600384
grid_s8_b0p2_h0p25,36,179506,8.203468510574238,7.284524372246279,6.832723141182257,9.628880621644095,18.837074501333127
grid_s12_b0p3_h0p05,36,179506,8.237545659337805,7.209217032084297,6.366627425126919,9.318284671614512,19.046821415341352
grid_s12_b0p2_h0p2,36,179506,8.238072917046637,7.253937517724294,6.619538945106285,9.847060953671164,19.24091189797573
grid_s5_b0p3_h0p2,36,179506,8.285955962787932,7.362937058579352,6.877381391506947,9.752606760129272,18.188840163942807
grid_s8_b0p3_h0p15,36,179506,8.297808241893913,7.3604888695877975,6.804225862296146,9.496224348557066,18.751730874260815
grid_s12_b0p3_h0p1,36,179506,8.358466802948643,7.361367860678478,6.555645476268841,9.829125272232092,19.158623968228245
grid_s3_b0p3_h0p25,36,179506,8.410452402727625,7.460748601597597,7.029585784996759,10.382537025444877,17.66194537459291
grid_s12_b0p2_h0p25,36,179506,8.416989435986741,7.452297637773713,6.928088361060169,9.776684875292563,19.36277259336944
grid_s8_b0p3_h0p2,36,179506,8.487247214370026,7.54766373013653,6.996872478785825,10.078146743468714,18.893680391559084
grid_s12_b0p3_h0p15,36,179506,8.508184622204798,7.528104795334553,6.8777490660413285,9.74409201134062,19.27121783313954
grid_s5_b0p3_h0p25,36,179506,8.512776730737372,7.568676765817743,7.062563565831402,10.426847017477126,18.372432281623393
grid_s12_b0p3_h0p2,36,179506,8.68521003190206,7.707317151181696,7.27621071178901,10.21385538601763,19.384589221260303
grid_s8_b0p3_h0p25,36,179506,8.702903300030215,7.746373342627272,7.206718289995661,10.57951004476519,19.036687803531485
grid_s12_b0p3_h0p25,36,179506,8.8879114810055,7.897585765333198,7.466634759522044,10.622506212396221,19.49872457033953
